INSERT INTO CLIENTE (CLIENTE_CPF, CLIENTE_DATANASC, CLIENTE_UF, CLIENTE_CIDADE, CLIENTE_BAIRRO, CLIENTE_RUA, CLIENTE_NUMRES) VALUES
('123.456.789-01', '1990-01-15', 'SP', 'São Paulo', 'Centro', 'Rua A', 100),
('234.567.890-12', '1985-05-20', 'RJ', 'Rio de Janeiro', 'Zona Sul', 'Rua B', 200),
('345.678.901-23', '1995-10-10', 'MG', 'Belo Horizonte', 'Savassi', 'Rua C', 300),
('456.789.012-34', '2000-12-25', 'RS', 'Porto Alegre', 'Centro Histórico', 'Rua D', 400),
('567.890.123-45', '1998-07-05', 'PR', 'Curitiba', 'Batel', 'Rua E', 500);

INSERT INTO FORNECEDOR (FORNECEDOR_ID, FORNECEDOR_NOME) VALUES
(1, 'Fornecedor A'),
(2, 'Fornecedor B'),
(3, 'Fornecedor C'),
(4, 'Fornecedor D'),
(5, 'Fornecedor E');

INSERT INTO PRODUTO (PRODUTO_ISBN, PRODUTO_ESTOQUE, PRODUTO_PRECO, PRODUTO_FORN) VALUES
('978-3-16-148410-0', 100, 'R$50', 1),
('978-3-16-148410-1', 200, 'R$100', 2),
('978-3-16-148410-2', 150, 'R$75', 3),
('978-3-16-148410-3', 250, 'R$125', 4),
('978-3-16-148410-4', 300, 'R$200', 5);

INSERT INTO VENDA (VENDA_ID, VENDA_CLIE) VALUES
(1, '123.456.789-01'),
(2, '234.567.890-12'),
(3, '345.678.901-23'),
(4, '456.789.012-34'),
(5, '567.890.123-45');

INSERT INTO PAGAMENTO (PAGAMENTO_ISBN, PAGAMENTO_DATA, PAGAMENTO_VALOR, PAGAMENTO_PAGO, PAGAMENTO_PENDENTE, PAGAMENTO_CLIE) VALUES
('978-3-16-148410-0', '2024-01-01', 'R$50', 'R$50', 'R$0', '123.456.789-01'),
('978-3-16-148410-1', '2024-02-01', 'R$100', 'R$80', 'R$20', '234.567.890-12'),
('978-3-16-148410-2', '2024-03-01', 'R$75', 'R$75', 'R$0', '345.678.901-23'),
('978-3-16-148410-3', '2024-04-01', 'R$125', 'R$100', 'R$25', '456.789.012-34'),
('978-3-16-148410-4', '2024-05-01', 'R$200', 'R$200', 'R$0', '567.890.123-45');

INSERT INTO VENDA_PROD (PROD_VENDA, VENDA_PROD) VALUES
('978-3-16-148410-0', 1),
('978-3-16-148410-1', 2),
('978-3-16-148410-2', 3),
('978-3-16-148410-3', 4),
('978-3-16-148410-4', 5);